{"initial_reset_timestamp": 1586838568.230361, "timestamps": [1586838568.2378209, 1586838568.244663, 1586838568.247788, 1586838568.248437, 1586838568.2488241, 1586838568.249259, 1586838568.249687, 1586838568.250207, 1586838568.2537549, 1586838568.256793, 1586838568.259203, 1586838568.259794, 1586838568.260347, 1586838568.262248, 1586838568.262827, 1586838568.26335, 1586838568.2647738, 1586838568.265891, 1586838568.2662778, 1586838568.266622, 1586838568.2669818, 1586838568.267215, 1586838568.2674718, 1586838568.268022, 1586838568.2681868, 1586838568.2689269, 1586838568.270159, 1586838568.271584, 1586838568.273901, 1586838568.274434, 1586838568.275135, 1586838568.2782688, 1586838568.278943, 1586838568.27935, 1586838568.279592, 1586838568.280593, 1586838568.282402, 1586838568.2831502, 1586838568.283378, 1586838568.283539, 1586838568.284341, 1586838568.287734, 1586838568.288814, 1586838568.289794, 1586838568.290259, 1586838568.292476, 1586838568.293679, 1586838568.294505, 1586838568.29484, 1586838568.2953868, 1586838568.2960582, 1586838568.29716, 1586838568.298484, 1586838568.29938, 1586838568.300591, 1586838568.30162, 1586838568.301995, 1586838568.302599, 1586838568.303018, 1586838568.304062, 1586838568.304372, 1586838568.3053231, 1586838568.306583, 1586838568.30704, 1586838568.3095942, 1586838568.311192, 1586838568.311929, 1586838568.3123221, 1586838568.312727, 1586838568.313513, 1586838568.3150551, 1586838568.315477, 1586838568.3159559, 1586838568.316174, 1586838568.3164532, 1586838568.317087, 1586838568.318812, 1586838568.319422, 1586838568.319693, 1586838568.320259, 1586838568.320557, 1586838568.321126, 1586838568.321483, 1586838568.321982, 1586838568.322437, 1586838568.322743, 1586838568.323044, 1586838568.324009, 1586838568.324262, 1586838568.324616, 1586838568.325516, 1586838568.3262222, 1586838568.3265421, 1586838568.326952, 1586838568.327517, 1586838568.327755, 1586838568.327894, 1586838568.328713, 1586838568.329068, 1586838568.3305879, 1586838568.332148, 1586838568.332757, 1586838568.333028, 1586838568.33378, 1586838568.336221, 1586838568.3377411, 1586838568.338861, 1586838568.341619, 1586838568.3423848, 1586838568.342779, 1586838568.343016, 1586838568.343256, 1586838568.34385, 1586838568.3444889, 1586838568.344864, 1586838568.349538, 1586838568.350272, 1586838568.350996, 1586838568.352642, 1586838568.353226, 1586838568.354451, 1586838568.35521, 1586838568.3557, 1586838568.356419, 1586838568.356928, 1586838568.3592079, 1586838568.360236, 1586838568.360393, 1586838568.360575, 1586838568.360736, 1586838568.360995, 1586838568.361206, 1586838568.361676, 1586838568.3617878, 1586838568.361933, 1586838568.362273, 1586838568.3625338, 1586838568.362613, 1586838568.362773, 1586838568.3629, 1586838568.363413, 1586838568.363741, 1586838568.363832, 1586838568.363955, 1586838568.364108, 1586838568.364418, 1586838568.364508, 1586838568.3647711, 1586838568.36516, 1586838568.3658948, 1586838568.366169, 1586838568.366494, 1586838568.3666701, 1586838568.366795, 1586838568.3675551, 1586838568.367632, 1586838568.3678532, 1586838568.368551, 1586838568.36889, 1586838568.3689852, 1586838568.3691678, 1586838568.3693178, 1586838568.369576, 1586838568.369772, 1586838568.370052, 1586838568.370296, 1586838568.370521, 1586838568.3706722, 1586838568.370791, 1586838568.37088, 1586838568.3716211, 1586838568.372001, 1586838568.3721302, 1586838568.3724852, 1586838568.37269, 1586838568.3728352, 1586838568.3729799, 1586838568.374061, 1586838568.374193, 1586838568.3745449, 1586838568.374769, 1586838568.374843, 1586838568.374932, 1586838568.375124, 1586838568.3755069, 1586838568.3755789, 1586838568.375991, 1586838568.376062, 1586838568.37634, 1586838568.376599, 1586838568.377035, 1586838568.3779042, 1586838568.377986, 1586838568.37807, 1586838568.3782961, 1586838568.3784919, 1586838568.378603, 1586838568.37886, 1586838568.379936, 1586838568.380252], "episode_lengths": [19, 7, 8, 4, 2, 3, 3, 4, 5, 6, 11, 6, 4, 9, 4, 3, 8, 3, 2, 2, 4, 3, 2, 8, 2, 9, 7, 2, 4, 5, 10, 17, 5, 4, 3, 16, 26, 10, 3, 2, 7, 27, 9, 6, 3, 22, 10, 5, 2, 4, 5, 9, 10, 5, 7, 7, 4, 5, 3, 10, 4, 9, 6, 3, 8, 4, 8, 6, 6, 13, 28, 7, 8, 2, 4, 11, 22, 10, 4, 7, 4, 7, 5, 8, 7, 5, 5, 18, 4, 6, 11, 9, 5, 7, 10, 4, 2, 9, 6, 30, 15, 29, 10, 17, 53, 27, 26, 56, 10, 6, 4, 4, 14, 13, 9, 100, 13, 16, 40, 12, 20, 16, 8, 15, 8, 11, 10, 7, 9, 8, 14, 11, 27, 5, 7, 19, 14, 3, 8, 6, 29, 19, 4, 6, 8, 18, 4, 15, 19, 21, 13, 18, 9, 6, 46, 3, 12, 32, 19, 4, 10, 8, 15, 10, 16, 14, 13, 8, 6, 4, 46, 24, 7, 22, 12, 8, 8, 40, 5, 21, 13, 3, 4, 11, 24, 3, 26, 3, 17, 15, 29, 59, 4, 4, 14, 12, 6, 16, 74, 21], "episode_rewards": [0.0, 0.0, 0.0, 0.0, 0.0, 0.0, 0.0, 0.0, 0.0, 0.0, 0.0, 0.0, 0.0, 0.0, 0.0, 0.0, 0.0, 0.0, 0.0, 0.0, 0.0, 0.0, 0.0, 0.0, 0.0, 0.0, 0.0, 0.0, 0.0, 0.0, 0.0, 0.0, 0.0, 0.0, 0.0, 0.0, 0.0, 0.0, 0.0, 0.0, 0.0, 0.0, 0.0, 0.0, 0.0, 0.0, 0.0, 0.0, 0.0, 0.0, 0.0, 0.0, 0.0, 0.0, 0.0, 0.0, 0.0, 0.0, 0.0, 0.0, 0.0, 0.0, 0.0, 0.0, 0.0, 0.0, 0.0, 0.0, 0.0, 0.0, 0.0, 0.0, 0.0, 0.0, 0.0, 0.0, 0.0, 0.0, 0.0, 0.0, 0.0, 0.0, 0.0, 0.0, 0.0, 0.0, 0.0, 1.0, 0.0, 0.0, 0.0, 0.0, 0.0, 0.0, 0.0, 0.0, 0.0, 0.0, 0.0, 0.0, 0.0, 0.0, 0.0, 0.0, 0.0, 0.0, 0.0, 0.0, 0.0, 0.0, 0.0, 0.0, 0.0, 0.0, 0.0, 0.0, 0.0, 0.0, 0.0, 0.0, 0.0, 0.0, 0.0, 0.0, 0.0, 0.0, 0.0, 0.0, 0.0, 0.0, 0.0, 0.0, 0.0, 0.0, 0.0, 0.0, 0.0, 0.0, 0.0, 0.0, 0.0, 0.0, 0.0, 0.0, 0.0, 0.0, 0.0, 0.0, 0.0, 0.0, 0.0, 0.0, 0.0, 0.0, 0.0, 0.0, 0.0, 0.0, 0.0, 0.0, 0.0, 0.0, 0.0, 0.0, 0.0, 0.0, 0.0, 0.0, 0.0, 0.0, 0.0, 0.0, 0.0, 0.0, 0.0, 0.0, 0.0, 0.0, 0.0, 0.0, 0.0, 0.0, 0.0, 0.0, 0.0, 0.0, 0.0, 0.0, 0.0, 0.0, 0.0, 0.0, 0.0, 0.0, 0.0, 0.0, 0.0, 0.0, 0.0, 0.0], "episode_types": ["t", "t", "t", "t", "t", "t", "t", "t", "t", "t", "t", "t", "t", "t", "t", "t", "t", "t", "t", "t", "t", "t", "t", "t", "t", "t", "t", "t", "t", "t", "t", "t", "t", "t", "t", "t", "t", "t", "t", "t", "t", "t", "t", "t", "t", "t", "t", "t", "t", "t", "t", "t", "t", "t", "t", "t", "t", "t", "t", "t", "t", "t", "t", "t", "t", "t", "t", "t", "t", "t", "t", "t", "t", "t", "t", "t", "t", "t", "t", "t", "t", "t", "t", "t", "t", "t", "t", "t", "t", "t", "t", "t", "t", "t", "t", "t", "t", "t", "t", "t", "t", "t", "t", "t", "t", "t", "t", "t", "t", "t", "t", "t", "t", "t", "t", "t", "t", "t", "t", "t", "t", "t", "t", "t", "t", "t", "t", "t", "t", "t", "t", "t", "t", "t", "t", "t", "t", "t", "t", "t", "t", "t", "t", "t", "t", "t", "t", "t", "t", "t", "t", "t", "t", "t", "t", "t", "t", "t", "t", "t", "t", "t", "t", "t", "t", "t", "t", "t", "t", "t", "t", "t", "t", "t", "t", "t", "t", "t", "t", "t", "t", "t", "t", "t", "t", "t", "t", "t", "t", "t", "t", "t", "t", "t", "t", "t", "t", "t", "t", "t"]}